#,Levels,Type,French (exactly as recorded),Voice,Characters,Audio ID
1,All levels,Continue to a place,Allez jusqu'à l'arrêt de bus.,Dispatcher (calm),29,dir.allez_until.bus_stop
2,All levels,Continue to a place,Allez jusqu'à l'école.,Dispatcher (calm),22,dir.allez_until.school
3,All levels,Continue to a place,Allez jusqu'à l'hôpital.,Dispatcher (calm),24,dir.allez_until.hospital
4,All levels,Continue to a place,Allez jusqu'à l'hôtel.,Dispatcher (calm),22,dir.allez_until.hotel
5,All levels,Continue to a place,Allez jusqu'à la banque.,Dispatcher (calm),24,dir.allez_until.bank
6,All levels,Continue to a place,Allez jusqu'à la bibliothèque.,Dispatcher (calm),30,dir.allez_until.library
7,All levels,Continue to a place,Allez jusqu'à la boulangerie.,Dispatcher (calm),29,dir.allez_until.bakery
8,All levels,Continue to a place,Allez jusqu'à la gare routière.,Dispatcher (calm),31,dir.allez_until.bus_station
9,All levels,Continue to a place,Allez jusqu'à la gare.,Dispatcher (calm),22,dir.allez_until.train_station
10,All levels,Continue to a place,Allez jusqu'à la librairie.,Dispatcher (calm),27,dir.allez_until.bookshop
11,All levels,Continue to a place,Allez jusqu'à la mairie.,Dispatcher (calm),24,dir.allez_until.town_hall
12,All levels,Continue to a place,Allez jusqu'à la pharmacie.,Dispatcher (calm),27,dir.allez_until.pharmacy
13,All levels,Continue to a place,Allez jusqu'à la piscine.,Dispatcher (calm),25,dir.allez_until.swimming_pool
14,All levels,Continue to a place,Allez jusqu'à la place.,Dispatcher (calm),23,dir.allez_until.square
15,All levels,Continue to a place,Allez jusqu'à la plage.,Dispatcher (calm),23,dir.allez_until.beach
16,All levels,Continue to a place,Allez jusqu'à la poste.,Dispatcher (calm),23,dir.allez_until.post_office
17,All levels,Continue to a place,Allez jusqu'à la station-service.,Dispatcher (calm),33,dir.allez_until.gas_station
18,All levels,Continue to a place,Allez jusqu'au café.,Dispatcher (calm),20,dir.allez_until.cafe
19,All levels,Continue to a place,Allez jusqu'au centre commercial.,Dispatcher (calm),33,dir.allez_until.shopping_centre
20,All levels,Continue to a place,Allez jusqu'au cinéma.,Dispatcher (calm),22,dir.allez_until.cinema
21,All levels,Continue to a place,Allez jusqu'au commissariat de police.,Dispatcher (calm),38,dir.allez_until.police_station
22,All levels,Continue to a place,Allez jusqu'au magasin.,Dispatcher (calm),23,dir.allez_until.shop
23,All levels,Continue to a place,Allez jusqu'au marché.,Dispatcher (calm),22,dir.allez_until.market
24,All levels,Continue to a place,Allez jusqu'au musée.,Dispatcher (calm),21,dir.allez_until.museum
25,All levels,Continue to a place,Allez jusqu'au parc.,Dispatcher (calm),20,dir.allez_until.park
26,All levels,Continue to a place,Allez jusqu'au parking.,Dispatcher (calm),23,dir.allez_until.car_park
27,All levels,Continue to a place,Allez jusqu'au restaurant.,Dispatcher (calm),26,dir.allez_until.restaurant
28,All levels,Continue to a place,Allez jusqu'au stade.,Dispatcher (calm),21,dir.allez_until.stadium
29,All levels,Continue to a place,Allez jusqu'au supermarché.,Dispatcher (calm),27,dir.allez_until.supermarket
30,All levels,Continue to a place,Allez jusqu'au théâtre.,Dispatcher (calm),23,dir.allez_until.theatre
31,Intermediate and up,Two steps (puis),"Au rond-point, prenez la deuxième sortie, puis prenez la deuxième rue à droite.",Dispatcher (calm),79,seq.roundabout.deuxieme+puis+street.right.deuxieme
32,Intermediate and up,Two steps (puis),"Au rond-point, prenez la deuxième sortie, puis prenez la deuxième rue à gauche.",Dispatcher (calm),79,seq.roundabout.deuxieme+puis+street.left.deuxieme
33,Intermediate and up,Two steps (puis),"Au rond-point, prenez la deuxième sortie, puis prenez la première rue à droite.",Dispatcher (calm),79,seq.roundabout.deuxieme+puis+street.right.premiere
34,Intermediate and up,Two steps (puis),"Au rond-point, prenez la deuxième sortie, puis prenez la première rue à gauche.",Dispatcher (calm),79,seq.roundabout.deuxieme+puis+street.left.premiere
35,Intermediate and up,Two steps (puis),"Au rond-point, prenez la deuxième sortie, puis prenez la prochaine rue à droite.",Dispatcher (calm),80,seq.roundabout.deuxieme+puis+street.right.prochaine
36,Intermediate and up,Two steps (puis),"Au rond-point, prenez la deuxième sortie, puis prenez la prochaine rue à gauche.",Dispatcher (calm),80,seq.roundabout.deuxieme+puis+street.left.prochaine
37,Intermediate and up,Two steps (puis),"Au rond-point, prenez la deuxième sortie, puis tournez à droite.",Dispatcher (calm),64,seq.roundabout.deuxieme+puis+turn.right
38,Intermediate and up,Two steps (puis),"Au rond-point, prenez la deuxième sortie, puis tournez à gauche.",Dispatcher (calm),64,seq.roundabout.deuxieme+puis+turn.left
39,All levels,Roundabout exit,"Au rond-point, prenez la deuxième sortie.",Dispatcher (calm),41,dir.roundabout.deuxieme
40,Intermediate and up,Two steps (puis),"Au rond-point, prenez la première sortie, puis prenez la deuxième rue à droite.",Dispatcher (calm),79,seq.roundabout.premiere+puis+street.right.deuxieme
41,Intermediate and up,Two steps (puis),"Au rond-point, prenez la première sortie, puis prenez la deuxième rue à gauche.",Dispatcher (calm),79,seq.roundabout.premiere+puis+street.left.deuxieme
42,Intermediate and up,Two steps (puis),"Au rond-point, prenez la première sortie, puis prenez la première rue à droite.",Dispatcher (calm),79,seq.roundabout.premiere+puis+street.right.premiere
43,Intermediate and up,Two steps (puis),"Au rond-point, prenez la première sortie, puis prenez la première rue à gauche.",Dispatcher (calm),79,seq.roundabout.premiere+puis+street.left.premiere
44,Intermediate and up,Two steps (puis),"Au rond-point, prenez la première sortie, puis prenez la prochaine rue à droite.",Dispatcher (calm),80,seq.roundabout.premiere+puis+street.right.prochaine
45,Intermediate and up,Two steps (puis),"Au rond-point, prenez la première sortie, puis prenez la prochaine rue à gauche.",Dispatcher (calm),80,seq.roundabout.premiere+puis+street.left.prochaine
46,Intermediate and up,Two steps (puis),"Au rond-point, prenez la première sortie, puis tournez à droite.",Dispatcher (calm),64,seq.roundabout.premiere+puis+turn.right
47,Intermediate and up,Two steps (puis),"Au rond-point, prenez la première sortie, puis tournez à gauche.",Dispatcher (calm),64,seq.roundabout.premiere+puis+turn.left
48,All levels,Roundabout exit,"Au rond-point, prenez la première sortie.",Dispatcher (calm),41,dir.roundabout.premiere
49,Intermediate and up,Two steps (puis),"Au rond-point, prenez la troisième sortie, puis prenez la deuxième rue à droite.",Dispatcher (calm),80,seq.roundabout.troisieme+puis+street.right.deuxieme
50,Intermediate and up,Two steps (puis),"Au rond-point, prenez la troisième sortie, puis prenez la deuxième rue à gauche.",Dispatcher (calm),80,seq.roundabout.troisieme+puis+street.left.deuxieme
51,Intermediate and up,Two steps (puis),"Au rond-point, prenez la troisième sortie, puis prenez la première rue à droite.",Dispatcher (calm),80,seq.roundabout.troisieme+puis+street.right.premiere
52,Intermediate and up,Two steps (puis),"Au rond-point, prenez la troisième sortie, puis prenez la première rue à gauche.",Dispatcher (calm),80,seq.roundabout.troisieme+puis+street.left.premiere
53,Intermediate and up,Two steps (puis),"Au rond-point, prenez la troisième sortie, puis prenez la prochaine rue à droite.",Dispatcher (calm),81,seq.roundabout.troisieme+puis+street.right.prochaine
54,Intermediate and up,Two steps (puis),"Au rond-point, prenez la troisième sortie, puis prenez la prochaine rue à gauche.",Dispatcher (calm),81,seq.roundabout.troisieme+puis+street.left.prochaine
55,Intermediate and up,Two steps (puis),"Au rond-point, prenez la troisième sortie, puis tournez à droite.",Dispatcher (calm),65,seq.roundabout.troisieme+puis+turn.right
56,Intermediate and up,Two steps (puis),"Au rond-point, prenez la troisième sortie, puis tournez à gauche.",Dispatcher (calm),65,seq.roundabout.troisieme+puis+turn.left
57,Intermediate and up,Roundabout exit,"Au rond-point, prenez la troisième sortie.",Dispatcher (calm),42,dir.roundabout.troisieme
58,All levels,Continue to a place,Continuez jusqu'à l'arrêt de bus.,Dispatcher (calm),33,dir.continuez_until.bus_stop
59,All levels,Continue to a place,Continuez jusqu'à l'école.,Dispatcher (calm),26,dir.continuez_until.school
60,All levels,Continue to a place,Continuez jusqu'à l'hôpital.,Dispatcher (calm),28,dir.continuez_until.hospital
61,All levels,Continue to a place,Continuez jusqu'à l'hôtel.,Dispatcher (calm),26,dir.continuez_until.hotel
62,All levels,Continue to a place,Continuez jusqu'à la banque.,Dispatcher (calm),28,dir.continuez_until.bank
63,All levels,Continue to a place,Continuez jusqu'à la bibliothèque.,Dispatcher (calm),34,dir.continuez_until.library
64,All levels,Continue to a place,Continuez jusqu'à la boulangerie.,Dispatcher (calm),33,dir.continuez_until.bakery
65,All levels,Continue to a place,Continuez jusqu'à la gare routière.,Dispatcher (calm),35,dir.continuez_until.bus_station
66,All levels,Continue to a place,Continuez jusqu'à la gare.,Dispatcher (calm),26,dir.continuez_until.train_station
67,All levels,Continue to a place,Continuez jusqu'à la librairie.,Dispatcher (calm),31,dir.continuez_until.bookshop
68,All levels,Continue to a place,Continuez jusqu'à la mairie.,Dispatcher (calm),28,dir.continuez_until.town_hall
69,All levels,Continue to a place,Continuez jusqu'à la pharmacie.,Dispatcher (calm),31,dir.continuez_until.pharmacy
70,All levels,Continue to a place,Continuez jusqu'à la piscine.,Dispatcher (calm),29,dir.continuez_until.swimming_pool
71,All levels,Continue to a place,Continuez jusqu'à la place.,Dispatcher (calm),27,dir.continuez_until.square
72,All levels,Continue to a place,Continuez jusqu'à la plage.,Dispatcher (calm),27,dir.continuez_until.beach
73,All levels,Continue to a place,Continuez jusqu'à la poste.,Dispatcher (calm),27,dir.continuez_until.post_office
74,All levels,Continue to a place,Continuez jusqu'à la station-service.,Dispatcher (calm),37,dir.continuez_until.gas_station
75,All levels,Continue to a place,Continuez jusqu'au café.,Dispatcher (calm),24,dir.continuez_until.cafe
76,All levels,Continue to a place,Continuez jusqu'au centre commercial.,Dispatcher (calm),37,dir.continuez_until.shopping_centre
77,All levels,Continue to a place,Continuez jusqu'au cinéma.,Dispatcher (calm),26,dir.continuez_until.cinema
78,All levels,Continue to a place,Continuez jusqu'au commissariat de police.,Dispatcher (calm),42,dir.continuez_until.police_station
79,All levels,Continue to a place,Continuez jusqu'au magasin.,Dispatcher (calm),27,dir.continuez_until.shop
80,All levels,Continue to a place,Continuez jusqu'au marché.,Dispatcher (calm),26,dir.continuez_until.market
81,All levels,Continue to a place,Continuez jusqu'au musée.,Dispatcher (calm),25,dir.continuez_until.museum
82,All levels,Continue to a place,Continuez jusqu'au parc.,Dispatcher (calm),24,dir.continuez_until.park
83,All levels,Continue to a place,Continuez jusqu'au parking.,Dispatcher (calm),27,dir.continuez_until.car_park
84,All levels,Continue to a place,Continuez jusqu'au restaurant.,Dispatcher (calm),30,dir.continuez_until.restaurant
85,All levels,Continue to a place,Continuez jusqu'au stade.,Dispatcher (calm),25,dir.continuez_until.stadium
86,All levels,Continue to a place,Continuez jusqu'au supermarché.,Dispatcher (calm),31,dir.continuez_until.supermarket
87,All levels,Continue to a place,Continuez jusqu'au théâtre.,Dispatcher (calm),27,dir.continuez_until.theatre
88,All levels,Simple direction,Continuez tout droit.,Dispatcher (calm),21,dir.straight
89,Intermediate and up,Two steps (puis),"Prenez la deuxième rue à droite, puis prenez la deuxième rue à droite.",Dispatcher (calm),70,seq.street.right.deuxieme+puis+street.right.deuxieme
90,Intermediate and up,Two steps (puis),"Prenez la deuxième rue à droite, puis prenez la deuxième rue à gauche.",Dispatcher (calm),70,seq.street.right.deuxieme+puis+street.left.deuxieme
91,Intermediate and up,Two steps (puis),"Prenez la deuxième rue à droite, puis prenez la première rue à droite.",Dispatcher (calm),70,seq.street.right.deuxieme+puis+street.right.premiere
92,Intermediate and up,Two steps (puis),"Prenez la deuxième rue à droite, puis prenez la première rue à gauche.",Dispatcher (calm),70,seq.street.right.deuxieme+puis+street.left.premiere
93,Intermediate and up,Two steps (puis),"Prenez la deuxième rue à droite, puis prenez la prochaine rue à droite.",Dispatcher (calm),71,seq.street.right.deuxieme+puis+street.right.prochaine
94,Intermediate and up,Two steps (puis),"Prenez la deuxième rue à droite, puis prenez la prochaine rue à gauche.",Dispatcher (calm),71,seq.street.right.deuxieme+puis+street.left.prochaine
95,Intermediate and up,Two steps (puis),"Prenez la deuxième rue à droite, puis tournez à droite.",Dispatcher (calm),55,seq.street.right.deuxieme+puis+turn.right
96,Intermediate and up,Two steps (puis),"Prenez la deuxième rue à droite, puis tournez à gauche.",Dispatcher (calm),55,seq.street.right.deuxieme+puis+turn.left
97,Intermediate and up,Two steps (puis),"Prenez la deuxième rue à droite, puis, au rond-point, prenez la deuxième sortie.",Dispatcher (calm),80,seq.street.right.deuxieme+puis+roundabout.deuxieme
98,Intermediate and up,Two steps (puis),"Prenez la deuxième rue à droite, puis, au rond-point, prenez la première sortie.",Dispatcher (calm),80,seq.street.right.deuxieme+puis+roundabout.premiere
99,Intermediate and up,Two steps (puis),"Prenez la deuxième rue à droite, puis, au rond-point, prenez la troisième sortie.",Dispatcher (calm),81,seq.street.right.deuxieme+puis+roundabout.troisieme
100,Intermediate and up,Count the streets,Prenez la deuxième rue à droite.,Dispatcher (calm),32,dir.street.right.deuxieme
101,Intermediate and up,Two steps (puis),"Prenez la deuxième rue à gauche, puis prenez la deuxième rue à droite.",Dispatcher (calm),70,seq.street.left.deuxieme+puis+street.right.deuxieme
102,Intermediate and up,Two steps (puis),"Prenez la deuxième rue à gauche, puis prenez la deuxième rue à gauche.",Dispatcher (calm),70,seq.street.left.deuxieme+puis+street.left.deuxieme
103,Intermediate and up,Two steps (puis),"Prenez la deuxième rue à gauche, puis prenez la première rue à droite.",Dispatcher (calm),70,seq.street.left.deuxieme+puis+street.right.premiere
104,Intermediate and up,Two steps (puis),"Prenez la deuxième rue à gauche, puis prenez la première rue à gauche.",Dispatcher (calm),70,seq.street.left.deuxieme+puis+street.left.premiere
105,Intermediate and up,Two steps (puis),"Prenez la deuxième rue à gauche, puis prenez la prochaine rue à droite.",Dispatcher (calm),71,seq.street.left.deuxieme+puis+street.right.prochaine
106,Intermediate and up,Two steps (puis),"Prenez la deuxième rue à gauche, puis prenez la prochaine rue à gauche.",Dispatcher (calm),71,seq.street.left.deuxieme+puis+street.left.prochaine
107,Intermediate and up,Two steps (puis),"Prenez la deuxième rue à gauche, puis tournez à droite.",Dispatcher (calm),55,seq.street.left.deuxieme+puis+turn.right
108,Intermediate and up,Two steps (puis),"Prenez la deuxième rue à gauche, puis tournez à gauche.",Dispatcher (calm),55,seq.street.left.deuxieme+puis+turn.left
109,Intermediate and up,Two steps (puis),"Prenez la deuxième rue à gauche, puis, au rond-point, prenez la deuxième sortie.",Dispatcher (calm),80,seq.street.left.deuxieme+puis+roundabout.deuxieme
110,Intermediate and up,Two steps (puis),"Prenez la deuxième rue à gauche, puis, au rond-point, prenez la première sortie.",Dispatcher (calm),80,seq.street.left.deuxieme+puis+roundabout.premiere
111,Intermediate and up,Two steps (puis),"Prenez la deuxième rue à gauche, puis, au rond-point, prenez la troisième sortie.",Dispatcher (calm),81,seq.street.left.deuxieme+puis+roundabout.troisieme
112,Intermediate and up,Count the streets,Prenez la deuxième rue à gauche.,Dispatcher (calm),32,dir.street.left.deuxieme
113,Intermediate and up,Two steps (puis),"Prenez la première rue à droite, puis prenez la deuxième rue à droite.",Dispatcher (calm),70,seq.street.right.premiere+puis+street.right.deuxieme
114,Intermediate and up,Two steps (puis),"Prenez la première rue à droite, puis prenez la deuxième rue à gauche.",Dispatcher (calm),70,seq.street.right.premiere+puis+street.left.deuxieme
115,Intermediate and up,Two steps (puis),"Prenez la première rue à droite, puis prenez la première rue à droite.",Dispatcher (calm),70,seq.street.right.premiere+puis+street.right.premiere
116,Intermediate and up,Two steps (puis),"Prenez la première rue à droite, puis prenez la première rue à gauche.",Dispatcher (calm),70,seq.street.right.premiere+puis+street.left.premiere
117,Intermediate and up,Two steps (puis),"Prenez la première rue à droite, puis prenez la prochaine rue à droite.",Dispatcher (calm),71,seq.street.right.premiere+puis+street.right.prochaine
118,Intermediate and up,Two steps (puis),"Prenez la première rue à droite, puis prenez la prochaine rue à gauche.",Dispatcher (calm),71,seq.street.right.premiere+puis+street.left.prochaine
119,Intermediate and up,Two steps (puis),"Prenez la première rue à droite, puis tournez à droite.",Dispatcher (calm),55,seq.street.right.premiere+puis+turn.right
120,Intermediate and up,Two steps (puis),"Prenez la première rue à droite, puis tournez à gauche.",Dispatcher (calm),55,seq.street.right.premiere+puis+turn.left
121,Intermediate and up,Two steps (puis),"Prenez la première rue à droite, puis, au rond-point, prenez la deuxième sortie.",Dispatcher (calm),80,seq.street.right.premiere+puis+roundabout.deuxieme
122,Intermediate and up,Two steps (puis),"Prenez la première rue à droite, puis, au rond-point, prenez la première sortie.",Dispatcher (calm),80,seq.street.right.premiere+puis+roundabout.premiere
123,Intermediate and up,Two steps (puis),"Prenez la première rue à droite, puis, au rond-point, prenez la troisième sortie.",Dispatcher (calm),81,seq.street.right.premiere+puis+roundabout.troisieme
124,Intermediate and up,Count the streets,Prenez la première rue à droite.,Dispatcher (calm),32,dir.street.right.premiere
125,Intermediate and up,Two steps (puis),"Prenez la première rue à gauche, puis prenez la deuxième rue à droite.",Dispatcher (calm),70,seq.street.left.premiere+puis+street.right.deuxieme
126,Intermediate and up,Two steps (puis),"Prenez la première rue à gauche, puis prenez la deuxième rue à gauche.",Dispatcher (calm),70,seq.street.left.premiere+puis+street.left.deuxieme
127,Intermediate and up,Two steps (puis),"Prenez la première rue à gauche, puis prenez la première rue à droite.",Dispatcher (calm),70,seq.street.left.premiere+puis+street.right.premiere
128,Intermediate and up,Two steps (puis),"Prenez la première rue à gauche, puis prenez la première rue à gauche.",Dispatcher (calm),70,seq.street.left.premiere+puis+street.left.premiere
129,Intermediate and up,Two steps (puis),"Prenez la première rue à gauche, puis prenez la prochaine rue à droite.",Dispatcher (calm),71,seq.street.left.premiere+puis+street.right.prochaine
130,Intermediate and up,Two steps (puis),"Prenez la première rue à gauche, puis prenez la prochaine rue à gauche.",Dispatcher (calm),71,seq.street.left.premiere+puis+street.left.prochaine
131,Intermediate and up,Two steps (puis),"Prenez la première rue à gauche, puis tournez à droite.",Dispatcher (calm),55,seq.street.left.premiere+puis+turn.right
132,Intermediate and up,Two steps (puis),"Prenez la première rue à gauche, puis tournez à gauche.",Dispatcher (calm),55,seq.street.left.premiere+puis+turn.left
133,Intermediate and up,Two steps (puis),"Prenez la première rue à gauche, puis, au rond-point, prenez la deuxième sortie.",Dispatcher (calm),80,seq.street.left.premiere+puis+roundabout.deuxieme
134,Intermediate and up,Two steps (puis),"Prenez la première rue à gauche, puis, au rond-point, prenez la première sortie.",Dispatcher (calm),80,seq.street.left.premiere+puis+roundabout.premiere
135,Intermediate and up,Two steps (puis),"Prenez la première rue à gauche, puis, au rond-point, prenez la troisième sortie.",Dispatcher (calm),81,seq.street.left.premiere+puis+roundabout.troisieme
136,Intermediate and up,Count the streets,Prenez la première rue à gauche.,Dispatcher (calm),32,dir.street.left.premiere
137,Intermediate and up,Two steps (puis),"Prenez la prochaine rue à droite, puis prenez la deuxième rue à droite.",Dispatcher (calm),71,seq.street.right.prochaine+puis+street.right.deuxieme
138,Intermediate and up,Two steps (puis),"Prenez la prochaine rue à droite, puis prenez la deuxième rue à gauche.",Dispatcher (calm),71,seq.street.right.prochaine+puis+street.left.deuxieme
139,Intermediate and up,Two steps (puis),"Prenez la prochaine rue à droite, puis prenez la première rue à droite.",Dispatcher (calm),71,seq.street.right.prochaine+puis+street.right.premiere
140,Intermediate and up,Two steps (puis),"Prenez la prochaine rue à droite, puis prenez la première rue à gauche.",Dispatcher (calm),71,seq.street.right.prochaine+puis+street.left.premiere
141,Intermediate and up,Two steps (puis),"Prenez la prochaine rue à droite, puis prenez la prochaine rue à droite.",Dispatcher (calm),72,seq.street.right.prochaine+puis+street.right.prochaine
142,Intermediate and up,Two steps (puis),"Prenez la prochaine rue à droite, puis prenez la prochaine rue à gauche.",Dispatcher (calm),72,seq.street.right.prochaine+puis+street.left.prochaine
143,Intermediate and up,Two steps (puis),"Prenez la prochaine rue à droite, puis tournez à droite.",Dispatcher (calm),56,seq.street.right.prochaine+puis+turn.right
144,Intermediate and up,Two steps (puis),"Prenez la prochaine rue à droite, puis tournez à gauche.",Dispatcher (calm),56,seq.street.right.prochaine+puis+turn.left
145,Intermediate and up,Two steps (puis),"Prenez la prochaine rue à droite, puis, au rond-point, prenez la deuxième sortie.",Dispatcher (calm),81,seq.street.right.prochaine+puis+roundabout.deuxieme
146,Intermediate and up,Two steps (puis),"Prenez la prochaine rue à droite, puis, au rond-point, prenez la première sortie.",Dispatcher (calm),81,seq.street.right.prochaine+puis+roundabout.premiere
147,Intermediate and up,Two steps (puis),"Prenez la prochaine rue à droite, puis, au rond-point, prenez la troisième sortie.",Dispatcher (calm),82,seq.street.right.prochaine+puis+roundabout.troisieme
148,Intermediate and up,Count the streets,Prenez la prochaine rue à droite.,Dispatcher (calm),33,dir.street.right.prochaine
149,Intermediate and up,Two steps (puis),"Prenez la prochaine rue à gauche, puis prenez la deuxième rue à droite.",Dispatcher (calm),71,seq.street.left.prochaine+puis+street.right.deuxieme
150,Intermediate and up,Two steps (puis),"Prenez la prochaine rue à gauche, puis prenez la deuxième rue à gauche.",Dispatcher (calm),71,seq.street.left.prochaine+puis+street.left.deuxieme
151,Intermediate and up,Two steps (puis),"Prenez la prochaine rue à gauche, puis prenez la première rue à droite.",Dispatcher (calm),71,seq.street.left.prochaine+puis+street.right.premiere
152,Intermediate and up,Two steps (puis),"Prenez la prochaine rue à gauche, puis prenez la première rue à gauche.",Dispatcher (calm),71,seq.street.left.prochaine+puis+street.left.premiere
153,Intermediate and up,Two steps (puis),"Prenez la prochaine rue à gauche, puis prenez la prochaine rue à droite.",Dispatcher (calm),72,seq.street.left.prochaine+puis+street.right.prochaine
154,Intermediate and up,Two steps (puis),"Prenez la prochaine rue à gauche, puis prenez la prochaine rue à gauche.",Dispatcher (calm),72,seq.street.left.prochaine+puis+street.left.prochaine
155,Intermediate and up,Two steps (puis),"Prenez la prochaine rue à gauche, puis tournez à droite.",Dispatcher (calm),56,seq.street.left.prochaine+puis+turn.right
156,Intermediate and up,Two steps (puis),"Prenez la prochaine rue à gauche, puis tournez à gauche.",Dispatcher (calm),56,seq.street.left.prochaine+puis+turn.left
157,Intermediate and up,Two steps (puis),"Prenez la prochaine rue à gauche, puis, au rond-point, prenez la deuxième sortie.",Dispatcher (calm),81,seq.street.left.prochaine+puis+roundabout.deuxieme
158,Intermediate and up,Two steps (puis),"Prenez la prochaine rue à gauche, puis, au rond-point, prenez la première sortie.",Dispatcher (calm),81,seq.street.left.prochaine+puis+roundabout.premiere
159,Intermediate and up,Two steps (puis),"Prenez la prochaine rue à gauche, puis, au rond-point, prenez la troisième sortie.",Dispatcher (calm),82,seq.street.left.prochaine+puis+roundabout.troisieme
160,Intermediate and up,Count the streets,Prenez la prochaine rue à gauche.,Dispatcher (calm),33,dir.street.left.prochaine
161,Intermediate and up,Two steps (puis),"Prenez la troisième rue à droite, puis prenez la deuxième rue à droite.",Dispatcher (calm),71,seq.street.right.troisieme+puis+street.right.deuxieme
162,Intermediate and up,Two steps (puis),"Prenez la troisième rue à droite, puis prenez la deuxième rue à gauche.",Dispatcher (calm),71,seq.street.right.troisieme+puis+street.left.deuxieme
163,Intermediate and up,Two steps (puis),"Prenez la troisième rue à droite, puis prenez la première rue à droite.",Dispatcher (calm),71,seq.street.right.troisieme+puis+street.right.premiere
164,Intermediate and up,Two steps (puis),"Prenez la troisième rue à droite, puis prenez la première rue à gauche.",Dispatcher (calm),71,seq.street.right.troisieme+puis+street.left.premiere
165,Intermediate and up,Two steps (puis),"Prenez la troisième rue à droite, puis prenez la prochaine rue à droite.",Dispatcher (calm),72,seq.street.right.troisieme+puis+street.right.prochaine
166,Intermediate and up,Two steps (puis),"Prenez la troisième rue à droite, puis prenez la prochaine rue à gauche.",Dispatcher (calm),72,seq.street.right.troisieme+puis+street.left.prochaine
167,Intermediate and up,Two steps (puis),"Prenez la troisième rue à droite, puis tournez à droite.",Dispatcher (calm),56,seq.street.right.troisieme+puis+turn.right
168,Intermediate and up,Two steps (puis),"Prenez la troisième rue à droite, puis tournez à gauche.",Dispatcher (calm),56,seq.street.right.troisieme+puis+turn.left
169,Intermediate and up,Two steps (puis),"Prenez la troisième rue à droite, puis, au rond-point, prenez la deuxième sortie.",Dispatcher (calm),81,seq.street.right.troisieme+puis+roundabout.deuxieme
170,Intermediate and up,Two steps (puis),"Prenez la troisième rue à droite, puis, au rond-point, prenez la première sortie.",Dispatcher (calm),81,seq.street.right.troisieme+puis+roundabout.premiere
171,Intermediate and up,Two steps (puis),"Prenez la troisième rue à droite, puis, au rond-point, prenez la troisième sortie.",Dispatcher (calm),82,seq.street.right.troisieme+puis+roundabout.troisieme
172,Intermediate and up,Count the streets,Prenez la troisième rue à droite.,Dispatcher (calm),33,dir.street.right.troisieme
173,Intermediate and up,Two steps (puis),"Prenez la troisième rue à gauche, puis prenez la deuxième rue à droite.",Dispatcher (calm),71,seq.street.left.troisieme+puis+street.right.deuxieme
174,Intermediate and up,Two steps (puis),"Prenez la troisième rue à gauche, puis prenez la deuxième rue à gauche.",Dispatcher (calm),71,seq.street.left.troisieme+puis+street.left.deuxieme
175,Intermediate and up,Two steps (puis),"Prenez la troisième rue à gauche, puis prenez la première rue à droite.",Dispatcher (calm),71,seq.street.left.troisieme+puis+street.right.premiere
176,Intermediate and up,Two steps (puis),"Prenez la troisième rue à gauche, puis prenez la première rue à gauche.",Dispatcher (calm),71,seq.street.left.troisieme+puis+street.left.premiere
177,Intermediate and up,Two steps (puis),"Prenez la troisième rue à gauche, puis prenez la prochaine rue à droite.",Dispatcher (calm),72,seq.street.left.troisieme+puis+street.right.prochaine
178,Intermediate and up,Two steps (puis),"Prenez la troisième rue à gauche, puis prenez la prochaine rue à gauche.",Dispatcher (calm),72,seq.street.left.troisieme+puis+street.left.prochaine
179,Intermediate and up,Two steps (puis),"Prenez la troisième rue à gauche, puis tournez à droite.",Dispatcher (calm),56,seq.street.left.troisieme+puis+turn.right
180,Intermediate and up,Two steps (puis),"Prenez la troisième rue à gauche, puis tournez à gauche.",Dispatcher (calm),56,seq.street.left.troisieme+puis+turn.left
181,Intermediate and up,Two steps (puis),"Prenez la troisième rue à gauche, puis, au rond-point, prenez la deuxième sortie.",Dispatcher (calm),81,seq.street.left.troisieme+puis+roundabout.deuxieme
182,Intermediate and up,Two steps (puis),"Prenez la troisième rue à gauche, puis, au rond-point, prenez la première sortie.",Dispatcher (calm),81,seq.street.left.troisieme+puis+roundabout.premiere
183,Intermediate and up,Two steps (puis),"Prenez la troisième rue à gauche, puis, au rond-point, prenez la troisième sortie.",Dispatcher (calm),82,seq.street.left.troisieme+puis+roundabout.troisieme
184,Intermediate and up,Count the streets,Prenez la troisième rue à gauche.,Dispatcher (calm),33,dir.street.left.troisieme
185,All levels,Turn at / after a place,Tournez à droite après l'arrêt de bus.,Dispatcher (calm),38,dir.turn.right.apres.bus_stop
186,All levels,Turn at / after a place,Tournez à droite après l'école.,Dispatcher (calm),31,dir.turn.right.apres.school
187,All levels,Turn at / after a place,Tournez à droite après l'hôpital.,Dispatcher (calm),33,dir.turn.right.apres.hospital
188,All levels,Turn at / after a place,Tournez à droite après la banque.,Dispatcher (calm),33,dir.turn.right.apres.bank
189,All levels,Turn at / after a place,Tournez à droite après la bibliothèque.,Dispatcher (calm),39,dir.turn.right.apres.library
190,All levels,Turn at / after a place,Tournez à droite après la boulangerie.,Dispatcher (calm),38,dir.turn.right.apres.bakery
191,All levels,Turn at / after a place,Tournez à droite après la gare routière.,Dispatcher (calm),40,dir.turn.right.apres.bus_station
192,All levels,Turn at / after a place,Tournez à droite après la librairie.,Dispatcher (calm),36,dir.turn.right.apres.bookshop
193,All levels,Turn at / after a place,Tournez à droite après la mairie.,Dispatcher (calm),33,dir.turn.right.apres.town_hall
194,All levels,Turn at / after a place,Tournez à droite après la pharmacie.,Dispatcher (calm),36,dir.turn.right.apres.pharmacy
195,All levels,Turn at / after a place,Tournez à droite après la poste.,Dispatcher (calm),32,dir.turn.right.apres.post_office
196,All levels,Turn at / after a place,Tournez à droite après la station-service.,Dispatcher (calm),42,dir.turn.right.apres.gas_station
197,All levels,Turn at / after a place,Tournez à droite après le café.,Dispatcher (calm),31,dir.turn.right.apres.cafe
198,All levels,Turn at / after a place,Tournez à droite après le centre commercial.,Dispatcher (calm),44,dir.turn.right.apres.shopping_centre
199,All levels,Turn at / after a place,Tournez à droite après le commissariat de police.,Dispatcher (calm),49,dir.turn.right.apres.police_station
200,All levels,Turn at / after a place,Tournez à droite après le magasin.,Dispatcher (calm),34,dir.turn.right.apres.shop
201,All levels,Turn at / after a place,Tournez à droite après le marché.,Dispatcher (calm),33,dir.turn.right.apres.market
202,All levels,Turn at / after a place,Tournez à droite après le musée.,Dispatcher (calm),32,dir.turn.right.apres.museum
203,All levels,Turn at / after a place,Tournez à droite après le parking.,Dispatcher (calm),34,dir.turn.right.apres.car_park
204,All levels,Turn at / after a place,Tournez à droite après le restaurant.,Dispatcher (calm),37,dir.turn.right.apres.restaurant
205,All levels,Turn at / after a place,Tournez à droite après le supermarché.,Dispatcher (calm),38,dir.turn.right.apres.supermarket
206,All levels,Turn at / after a place,Tournez à droite après le théâtre.,Dispatcher (calm),34,dir.turn.right.apres.theatre
207,Intermediate and up,Turn before a place,Tournez à droite avant l'arrêt de bus.,Dispatcher (calm),38,dir.turn.right.avant.bus_stop
208,Intermediate and up,Turn before a place,Tournez à droite avant l'hôtel.,Dispatcher (calm),31,dir.turn.right.avant.hotel
209,Intermediate and up,Turn before a place,Tournez à droite avant la gare routière.,Dispatcher (calm),40,dir.turn.right.avant.bus_station
210,Intermediate and up,Turn before a place,Tournez à droite avant la piscine.,Dispatcher (calm),34,dir.turn.right.avant.swimming_pool
211,Intermediate and up,Turn before a place,Tournez à droite avant le cinéma.,Dispatcher (calm),33,dir.turn.right.avant.cinema
212,Intermediate and up,Turn before a place,Tournez à droite avant le marché.,Dispatcher (calm),33,dir.turn.right.avant.market
213,Intermediate and up,Turn before a place,Tournez à droite avant le parking.,Dispatcher (calm),34,dir.turn.right.avant.car_park
214,Intermediate and up,Turn before a place,Tournez à droite avant le stade.,Dispatcher (calm),32,dir.turn.right.avant.stadium
215,Intermediate and up,Turn before a place,Tournez à droite avant le supermarché.,Dispatcher (calm),38,dir.turn.right.avant.supermarket
216,All levels,Turn at / after a place,Tournez à droite devant l'école.,Dispatcher (calm),32,dir.turn.right.devant.school
217,All levels,Turn at / after a place,Tournez à droite devant l'hôpital.,Dispatcher (calm),34,dir.turn.right.devant.hospital
218,All levels,Turn at / after a place,Tournez à droite devant l'hôtel.,Dispatcher (calm),32,dir.turn.right.devant.hotel
219,All levels,Turn at / after a place,Tournez à droite devant la banque.,Dispatcher (calm),34,dir.turn.right.devant.bank
220,All levels,Turn at / after a place,Tournez à droite devant la bibliothèque.,Dispatcher (calm),40,dir.turn.right.devant.library
221,All levels,Turn at / after a place,Tournez à droite devant la boulangerie.,Dispatcher (calm),39,dir.turn.right.devant.bakery
222,All levels,Turn at / after a place,Tournez à droite devant la gare routière.,Dispatcher (calm),41,dir.turn.right.devant.bus_station
223,All levels,Turn at / after a place,Tournez à droite devant la gare.,Dispatcher (calm),32,dir.turn.right.devant.train_station
224,All levels,Turn at / after a place,Tournez à droite devant la librairie.,Dispatcher (calm),37,dir.turn.right.devant.bookshop
225,All levels,Turn at / after a place,Tournez à droite devant la mairie.,Dispatcher (calm),34,dir.turn.right.devant.town_hall
226,All levels,Turn at / after a place,Tournez à droite devant la pharmacie.,Dispatcher (calm),37,dir.turn.right.devant.pharmacy
227,All levels,Turn at / after a place,Tournez à droite devant la piscine.,Dispatcher (calm),35,dir.turn.right.devant.swimming_pool
228,All levels,Turn at / after a place,Tournez à droite devant la place.,Dispatcher (calm),33,dir.turn.right.devant.square
229,All levels,Turn at / after a place,Tournez à droite devant la poste.,Dispatcher (calm),33,dir.turn.right.devant.post_office
230,All levels,Turn at / after a place,Tournez à droite devant la station-service.,Dispatcher (calm),43,dir.turn.right.devant.gas_station
231,All levels,Turn at / after a place,Tournez à droite devant le café.,Dispatcher (calm),32,dir.turn.right.devant.cafe
232,All levels,Turn at / after a place,Tournez à droite devant le centre commercial.,Dispatcher (calm),45,dir.turn.right.devant.shopping_centre
233,All levels,Turn at / after a place,Tournez à droite devant le cinéma.,Dispatcher (calm),34,dir.turn.right.devant.cinema
234,All levels,Turn at / after a place,Tournez à droite devant le commissariat de police.,Dispatcher (calm),50,dir.turn.right.devant.police_station
235,All levels,Turn at / after a place,Tournez à droite devant le magasin.,Dispatcher (calm),35,dir.turn.right.devant.shop
236,All levels,Turn at / after a place,Tournez à droite devant le marché.,Dispatcher (calm),34,dir.turn.right.devant.market
237,All levels,Turn at / after a place,Tournez à droite devant le musée.,Dispatcher (calm),33,dir.turn.right.devant.museum
238,All levels,Turn at / after a place,Tournez à droite devant le parc.,Dispatcher (calm),32,dir.turn.right.devant.park
239,All levels,Turn at / after a place,Tournez à droite devant le parking.,Dispatcher (calm),35,dir.turn.right.devant.car_park
240,All levels,Turn at / after a place,Tournez à droite devant le restaurant.,Dispatcher (calm),38,dir.turn.right.devant.restaurant
241,All levels,Turn at / after a place,Tournez à droite devant le stade.,Dispatcher (calm),33,dir.turn.right.devant.stadium
242,All levels,Turn at / after a place,Tournez à droite devant le supermarché.,Dispatcher (calm),39,dir.turn.right.devant.supermarket
243,All levels,Turn at / after a place,Tournez à droite devant le théâtre.,Dispatcher (calm),35,dir.turn.right.devant.theatre
244,Intermediate and up,Two steps (puis),"Tournez à droite, puis prenez la deuxième rue à droite.",Dispatcher (calm),55,seq.turn.right+puis+street.right.deuxieme
245,Intermediate and up,Two steps (puis),"Tournez à droite, puis prenez la deuxième rue à gauche.",Dispatcher (calm),55,seq.turn.right+puis+street.left.deuxieme
246,Intermediate and up,Two steps (puis),"Tournez à droite, puis prenez la première rue à droite.",Dispatcher (calm),55,seq.turn.right+puis+street.right.premiere
247,Intermediate and up,Two steps (puis),"Tournez à droite, puis prenez la première rue à gauche.",Dispatcher (calm),55,seq.turn.right+puis+street.left.premiere
248,Intermediate and up,Two steps (puis),"Tournez à droite, puis prenez la prochaine rue à droite.",Dispatcher (calm),56,seq.turn.right+puis+street.right.prochaine
249,Intermediate and up,Two steps (puis),"Tournez à droite, puis prenez la prochaine rue à gauche.",Dispatcher (calm),56,seq.turn.right+puis+street.left.prochaine
250,Intermediate and up,Two steps (puis),"Tournez à droite, puis tournez à droite.",Dispatcher (calm),40,seq.turn.right+puis+turn.right
251,Intermediate and up,Two steps (puis),"Tournez à droite, puis tournez à gauche.",Dispatcher (calm),40,seq.turn.right+puis+turn.left
252,Intermediate and up,Two steps (puis),"Tournez à droite, puis, au rond-point, prenez la deuxième sortie.",Dispatcher (calm),65,seq.turn.right+puis+roundabout.deuxieme
253,Intermediate and up,Two steps (puis),"Tournez à droite, puis, au rond-point, prenez la première sortie.",Dispatcher (calm),65,seq.turn.right+puis+roundabout.premiere
254,Intermediate and up,Two steps (puis),"Tournez à droite, puis, au rond-point, prenez la troisième sortie.",Dispatcher (calm),66,seq.turn.right+puis+roundabout.troisieme
255,All levels,Simple direction,Tournez à droite.,Dispatcher (calm),17,dir.turn.right
256,All levels,Turn at / after a place,Tournez à gauche après l'arrêt de bus.,Dispatcher (calm),38,dir.turn.left.apres.bus_stop
257,All levels,Turn at / after a place,Tournez à gauche après l'école.,Dispatcher (calm),31,dir.turn.left.apres.school
258,All levels,Turn at / after a place,Tournez à gauche après l'hôtel.,Dispatcher (calm),31,dir.turn.left.apres.hotel
259,All levels,Turn at / after a place,Tournez à gauche après la banque.,Dispatcher (calm),33,dir.turn.left.apres.bank
260,All levels,Turn at / after a place,Tournez à gauche après la bibliothèque.,Dispatcher (calm),39,dir.turn.left.apres.library
261,All levels,Turn at / after a place,Tournez à gauche après la boulangerie.,Dispatcher (calm),38,dir.turn.left.apres.bakery
262,All levels,Turn at / after a place,Tournez à gauche après la gare routière.,Dispatcher (calm),40,dir.turn.left.apres.bus_station
263,All levels,Turn at / after a place,Tournez à gauche après la librairie.,Dispatcher (calm),36,dir.turn.left.apres.bookshop
264,All levels,Turn at / after a place,Tournez à gauche après la mairie.,Dispatcher (calm),33,dir.turn.left.apres.town_hall
265,All levels,Turn at / after a place,Tournez à gauche après la pharmacie.,Dispatcher (calm),36,dir.turn.left.apres.pharmacy
266,All levels,Turn at / after a place,Tournez à gauche après la piscine.,Dispatcher (calm),34,dir.turn.left.apres.swimming_pool
267,All levels,Turn at / after a place,Tournez à gauche après la poste.,Dispatcher (calm),32,dir.turn.left.apres.post_office
268,All levels,Turn at / after a place,Tournez à gauche après la station-service.,Dispatcher (calm),42,dir.turn.left.apres.gas_station
269,All levels,Turn at / after a place,Tournez à gauche après le café.,Dispatcher (calm),31,dir.turn.left.apres.cafe
270,All levels,Turn at / after a place,Tournez à gauche après le centre commercial.,Dispatcher (calm),44,dir.turn.left.apres.shopping_centre
271,All levels,Turn at / after a place,Tournez à gauche après le cinéma.,Dispatcher (calm),33,dir.turn.left.apres.cinema
272,All levels,Turn at / after a place,Tournez à gauche après le commissariat de police.,Dispatcher (calm),49,dir.turn.left.apres.police_station
273,All levels,Turn at / after a place,Tournez à gauche après le magasin.,Dispatcher (calm),34,dir.turn.left.apres.shop
274,All levels,Turn at / after a place,Tournez à gauche après le marché.,Dispatcher (calm),33,dir.turn.left.apres.market
275,All levels,Turn at / after a place,Tournez à gauche après le parking.,Dispatcher (calm),34,dir.turn.left.apres.car_park
276,All levels,Turn at / after a place,Tournez à gauche après le restaurant.,Dispatcher (calm),37,dir.turn.left.apres.restaurant
277,All levels,Turn at / after a place,Tournez à gauche après le stade.,Dispatcher (calm),32,dir.turn.left.apres.stadium
278,All levels,Turn at / after a place,Tournez à gauche après le supermarché.,Dispatcher (calm),38,dir.turn.left.apres.supermarket
279,All levels,Turn at / after a place,Tournez à gauche après le théâtre.,Dispatcher (calm),34,dir.turn.left.apres.theatre
280,Intermediate and up,Turn before a place,Tournez à gauche avant l'arrêt de bus.,Dispatcher (calm),38,dir.turn.left.avant.bus_stop
281,Intermediate and up,Turn before a place,Tournez à gauche avant l'école.,Dispatcher (calm),31,dir.turn.left.avant.school
282,Intermediate and up,Turn before a place,Tournez à gauche avant l'hôpital.,Dispatcher (calm),33,dir.turn.left.avant.hospital
283,Intermediate and up,Turn before a place,Tournez à gauche avant la gare routière.,Dispatcher (calm),40,dir.turn.left.avant.bus_station
284,Intermediate and up,Turn before a place,Tournez à gauche avant le musée.,Dispatcher (calm),32,dir.turn.left.avant.museum
285,Intermediate and up,Turn before a place,Tournez à gauche avant le parking.,Dispatcher (calm),34,dir.turn.left.avant.car_park
286,Intermediate and up,Turn before a place,Tournez à gauche avant le supermarché.,Dispatcher (calm),38,dir.turn.left.avant.supermarket
287,All levels,Turn at / after a place,Tournez à gauche devant l'école.,Dispatcher (calm),32,dir.turn.left.devant.school
288,All levels,Turn at / after a place,Tournez à gauche devant l'hôpital.,Dispatcher (calm),34,dir.turn.left.devant.hospital
289,All levels,Turn at / after a place,Tournez à gauche devant l'hôtel.,Dispatcher (calm),32,dir.turn.left.devant.hotel
290,All levels,Turn at / after a place,Tournez à gauche devant la banque.,Dispatcher (calm),34,dir.turn.left.devant.bank
291,All levels,Turn at / after a place,Tournez à gauche devant la bibliothèque.,Dispatcher (calm),40,dir.turn.left.devant.library
292,All levels,Turn at / after a place,Tournez à gauche devant la boulangerie.,Dispatcher (calm),39,dir.turn.left.devant.bakery
293,All levels,Turn at / after a place,Tournez à gauche devant la gare routière.,Dispatcher (calm),41,dir.turn.left.devant.bus_station
294,All levels,Turn at / after a place,Tournez à gauche devant la gare.,Dispatcher (calm),32,dir.turn.left.devant.train_station
295,All levels,Turn at / after a place,Tournez à gauche devant la librairie.,Dispatcher (calm),37,dir.turn.left.devant.bookshop
296,All levels,Turn at / after a place,Tournez à gauche devant la mairie.,Dispatcher (calm),34,dir.turn.left.devant.town_hall
297,All levels,Turn at / after a place,Tournez à gauche devant la pharmacie.,Dispatcher (calm),37,dir.turn.left.devant.pharmacy
298,All levels,Turn at / after a place,Tournez à gauche devant la piscine.,Dispatcher (calm),35,dir.turn.left.devant.swimming_pool
299,All levels,Turn at / after a place,Tournez à gauche devant la place.,Dispatcher (calm),33,dir.turn.left.devant.square
300,All levels,Turn at / after a place,Tournez à gauche devant la poste.,Dispatcher (calm),33,dir.turn.left.devant.post_office
301,All levels,Turn at / after a place,Tournez à gauche devant la station-service.,Dispatcher (calm),43,dir.turn.left.devant.gas_station
302,All levels,Turn at / after a place,Tournez à gauche devant le café.,Dispatcher (calm),32,dir.turn.left.devant.cafe
303,All levels,Turn at / after a place,Tournez à gauche devant le centre commercial.,Dispatcher (calm),45,dir.turn.left.devant.shopping_centre
304,All levels,Turn at / after a place,Tournez à gauche devant le cinéma.,Dispatcher (calm),34,dir.turn.left.devant.cinema
305,All levels,Turn at / after a place,Tournez à gauche devant le commissariat de police.,Dispatcher (calm),50,dir.turn.left.devant.police_station
306,All levels,Turn at / after a place,Tournez à gauche devant le magasin.,Dispatcher (calm),35,dir.turn.left.devant.shop
307,All levels,Turn at / after a place,Tournez à gauche devant le marché.,Dispatcher (calm),34,dir.turn.left.devant.market
308,All levels,Turn at / after a place,Tournez à gauche devant le musée.,Dispatcher (calm),33,dir.turn.left.devant.museum
309,All levels,Turn at / after a place,Tournez à gauche devant le parc.,Dispatcher (calm),32,dir.turn.left.devant.park
310,All levels,Turn at / after a place,Tournez à gauche devant le parking.,Dispatcher (calm),35,dir.turn.left.devant.car_park
311,All levels,Turn at / after a place,Tournez à gauche devant le restaurant.,Dispatcher (calm),38,dir.turn.left.devant.restaurant
312,All levels,Turn at / after a place,Tournez à gauche devant le stade.,Dispatcher (calm),33,dir.turn.left.devant.stadium
313,All levels,Turn at / after a place,Tournez à gauche devant le supermarché.,Dispatcher (calm),39,dir.turn.left.devant.supermarket
314,All levels,Turn at / after a place,Tournez à gauche devant le théâtre.,Dispatcher (calm),35,dir.turn.left.devant.theatre
315,Intermediate and up,Two steps (puis),"Tournez à gauche, puis prenez la deuxième rue à droite.",Dispatcher (calm),55,seq.turn.left+puis+street.right.deuxieme
316,Intermediate and up,Two steps (puis),"Tournez à gauche, puis prenez la deuxième rue à gauche.",Dispatcher (calm),55,seq.turn.left+puis+street.left.deuxieme
317,Intermediate and up,Two steps (puis),"Tournez à gauche, puis prenez la première rue à droite.",Dispatcher (calm),55,seq.turn.left+puis+street.right.premiere
318,Intermediate and up,Two steps (puis),"Tournez à gauche, puis prenez la première rue à gauche.",Dispatcher (calm),55,seq.turn.left+puis+street.left.premiere
319,Intermediate and up,Two steps (puis),"Tournez à gauche, puis prenez la prochaine rue à droite.",Dispatcher (calm),56,seq.turn.left+puis+street.right.prochaine
320,Intermediate and up,Two steps (puis),"Tournez à gauche, puis prenez la prochaine rue à gauche.",Dispatcher (calm),56,seq.turn.left+puis+street.left.prochaine
321,Intermediate and up,Two steps (puis),"Tournez à gauche, puis tournez à droite.",Dispatcher (calm),40,seq.turn.left+puis+turn.right
322,Intermediate and up,Two steps (puis),"Tournez à gauche, puis tournez à gauche.",Dispatcher (calm),40,seq.turn.left+puis+turn.left
323,Intermediate and up,Two steps (puis),"Tournez à gauche, puis, au rond-point, prenez la deuxième sortie.",Dispatcher (calm),65,seq.turn.left+puis+roundabout.deuxieme
324,Intermediate and up,Two steps (puis),"Tournez à gauche, puis, au rond-point, prenez la première sortie.",Dispatcher (calm),65,seq.turn.left+puis+roundabout.premiere
325,Intermediate and up,Two steps (puis),"Tournez à gauche, puis, au rond-point, prenez la troisième sortie.",Dispatcher (calm),66,seq.turn.left+puis+roundabout.troisieme
326,All levels,Simple direction,Tournez à gauche.,Dispatcher (calm),17,dir.turn.left
327,All levels,Wrong-turn correction,Ce n'est pas la bonne rue.,Dispatcher (calm),26,dir.wrong_street
328,All levels,Wrong-turn correction,Faites demi-tour.,Dispatcher (calm),17,dir.u_turn
329,All levels,Officer asks for a repeat,"Pouvez-vous répéter, s'il vous plaît ?",Officer (urgent),38,repeat.calm
330,All levels,Officer asks for a repeat,Répétez ! Vite !,Officer (urgent),16,repeat.frantic
331,All levels,Officer asks for a repeat,"Répétez, s'il vous plaît !",Officer (urgent),26,repeat.urgent
332,All levels,End of chase,Le suspect est arrêté !,Dispatcher (calm),23,outcome.captured
333,All levels,End of chase,Le suspect s'éloigne.,Dispatcher (calm),21,event.moving_away
334,All levels,End of chase,Le suspect s'est échappé.,Dispatcher (calm),25,outcome.escaped
